7,K,0.1594741684,K,0.1594741684,0.0183993672798,0.000496827138394,0.0735892531397,0.105332191803,0.00282687142396,0.144261778039,0.0183535809428,0.00260011150061,0.1594741684,0.0131525913387,0.00469554196876,0.0912844431595,0.0733460348045,0.0595676232111,0.108521980895,0.0658592441735,0.0387474933282,0.00506789705622,0.0015572945183,0.0128657058804
19,R,0.138364359568,G,0.112196401531,0.0602112666141,0.0164986418852,0.0372004677093,0.0438282648151,0.0372620413843,0.112196401531,0.0392098976457,0.0342059984739,0.0776771018295,0.0883496732513,0.0198997883369,0.0276184525376,0.0293577374548,0.0283497853991,0.138364359568,0.0443939544741,0.0473063814104,0.0621539168929,0.0130421060865,0.0428737627004
23,G,0.14995683822,R,0.130375658279,0.0392875842456,0.0164839976824,0.0400641401531,0.0293211220948,0.0224027489812,0.14995683822,0.0362666415551,0.0252433277965,0.109557399112,0.0523319175988,0.0162800304096,0.0361721229071,0.0387274879801,0.0259620184575,0.130375658279,0.0787950212324,0.0607232987995,0.0459475761069,0.00804070612389,0.0380603622642
31,G,0.104941268966,G,0.104941268966,0.0689412263972,0.093301972849,0.035482915311,0.0251029051886,0.04588503337,0.104941268966,0.0156606022925,0.0494647163334,0.0229133730843,0.0672230264555,0.0505391823888,0.0306602134754,0.0183311837339,0.0159151957534,0.0781281877282,0.0607668597742,0.0495421858604,0.092137091291,0.028023557802,0.0470393019454
33,G,0.185258749493,R,0.0881835725824,0.0523156853241,0.00704068210734,0.0779004251762,0.0635684003098,0.0132719534405,0.185258749493,0.0198638380446,0.0113013348422,0.0811469036759,0.0243190736524,0.0298508626967,0.0602744054217,0.0478615357145,0.0375623638875,0.0881835725824,0.0814059293311,0.0655523955719,0.0218909996245,0.00951756200331,0.0219133271003
45,G,0.154374111926,G,0.154374111926,0.0620405794039,0.0340657690558,0.0606346936429,0.0195964027186,0.0421366380314,0.154374111926,0.0483360254346,0.0240052052625,0.040228285866,0.0503051859787,0.0117284359981,0.0387311092798,0.0535075344972,0.0204904958278,0.108938663256,0.076416397301,0.0549323446993,0.0467445098266,0.00979279858771,0.042994813406
49,G,0.152985543071,G,0.152985543071,0.0140827918143,0.000108040003595,0.109715804799,0.128254094174,0.00138107662007,0.152985543071,0.0140397362247,0.000706816704697,0.133710917418,0.00460772803481,0.00184833995197,0.0706521817905,0.0916727115794,0.0759071589649,0.0774625944575,0.0800941168753,0.0348353483761,0.00209997937706,0.000792154735464,0.00504286502739
61,G,0.255886070859,G,0.255886070859,0.0592922601915,0.0487783763597,0.0407366701267,0.00642107382894,0.0355875484651,0.255886070859,0.0370349848793,0.0237961802875,0.0144350828142,0.031585075276,0.0388541223342,0.0346779805488,0.022325604889,0.0102401373542,0.0978967848561,0.0939337250972,0.0496598639058,0.0450507982279,0.0164558382504,0.0373518214482
64,G,0.251336703116,G,0.251336703116,0.062613307425,0.0203979371166,0.0509979644078,0.0141470993829,0.0332470935718,0.251336703116,0.0377717627652,0.0196613119089,0.0213354792129,0.0407621650375,0.0300530145121,0.0446474090835,0.028974245613,0.0162384249745,0.104079207547,0.0970823313585,0.0510002421771,0.0364607442612,0.012764143181,0.0264294133476
87,G,0.182420481722,G,0.182420481722,0.0504310822146,0.00631651055146,0.0742273222986,0.044383756184,0.0189951202515,0.182420481722,0.0303038068486,0.0210666668947,0.0650482365201,0.0394224984943,0.0178536799772,0.060610902293,0.0681493664133,0.0288767628626,0.0951253879905,0.0857694557581,0.0542775042528,0.0240541112588,0.00654314598356,0.02612420123
90,K,0.157765394927,G,0.15516607584,0.0170236436784,0.000236255897052,0.0940061271958,0.111252102129,0.00141877795533,0.15516607584,0.0169413782038,0.00164209180626,0.157765394927,0.0072211984636,0.00419325682076,0.0730005815395,0.081512051684,0.0784714870086,0.0805865950736,0.0754850008204,0.0357212696096,0.00336285788804,0.000618760103057,0.00437509335574
97,G,0.130101217145,V,0.114748381827,0.071651775668,0.0475680014783,0.0199507278876,0.0125995858697,0.0740614255519,0.130101217145,0.0218266258584,0.105907161007,0.0187069003373,0.0906069715692,0.0338810737929,0.0201582313078,0.0161555481366,0.00842112245202,0.0523192209125,0.0397113103633,0.0449477917849,0.114748381827,0.0268224126452,0.0498545144051
100,G,0.147878967239,G,0.147878967239,0.0789250050229,0.038624977905,0.0314340407365,0.0140549091123,0.059274507463,0.147878967239,0.0240974449356,0.0823409728208,0.0265914789989,0.0621036133237,0.030224175128,0.0339944562324,0.025667379191,0.00992353419926,0.0650085914984,0.0583067789402,0.0591843275195,0.0800350901912,0.0164636092797,0.0558661402624
102,G,0.240350826121,R,0.104781353647,0.0376489172339,0.00695589701771,0.0600615538724,0.0277388322374,0.0127750719827,0.240350826121,0.0326277567635,0.018034040735,0.0701935263689,0.0189103267344,0.0118671507896,0.0618321395562,0.0557844059341,0.0239153493603,0.104781353647,0.0909131471362,0.0692450962272,0.0191337312414,0.0100798908637,0.0271509861765
104,G,0.134027509253,G,0.134027509253,0.0901288382775,0.0550614836193,0.0369886463545,0.0165954652877,0.051356269976,0.134027509253,0.0372040384801,0.0634498897406,0.0225011840272,0.0682437704354,0.021002098993,0.0263357901603,0.0267483578202,0.010401446145,0.0724082414924,0.0586272109438,0.0564454996528,0.0842792277941,0.0162992144541,0.0518958170931
113,G,0.217761822301,R,0.108054736006,0.0701579235157,0.0163488686576,0.0745213695945,0.0409941677227,0.0209977532654,0.217761822301,0.0327017124705,0.0172419112513,0.0558516604467,0.0289537650863,0.0158990935453,0.0542151352733,0.0487400418516,0.0219940303247,0.108054736006,0.0681551444356,0.0470987053588,0.0298182733414,0.0087520363012,0.0217418492508
119,G,0.162150085611,K,0.135339872391,0.0364977995407,0.0014985991022,0.108668440013,0.0966109948424,0.00505985974459,0.162150085611,0.0194091325349,0.00678039562258,0.135339872391,0.0183962428605,0.0117445471237,0.0692989950243,0.0530140991843,0.0534509869572,0.102252450742,0.0598205151608,0.040668271314,0.0085711978792,0.00204641133307,0.00872110301893
121,G,0.180590568287,G,0.180590568287,0.067099850733,0.0226247376313,0.0566405926774,0.0373499040657,0.0324367509648,0.180590568287,0.0299296827528,0.0352597902402,0.0392359534816,0.0695664455665,0.032603657038,0.0465681016899,0.048358225604,0.0229465125871,0.086439859495,0.0637955758648,0.0475570000953,0.0501114339315,0.00829062214945,0.0225947351448
126,G,0.263385415572,G,0.263385415572,0.0734130648974,0.072351929704,0.021867543515,0.00499831650767,0.0616986718746,0.263385415572,0.0380553461607,0.0453154833112,0.00699919799174,0.0538197643414,0.0317604298927,0.0217654117804,0.0232270498265,0.00489987173205,0.05529517683,0.0649494325983,0.0325097185619,0.0676770685605,0.0216101846019,0.0344009217403
131,G,0.13899924261,G,0.13899924261,0.0886557687118,0.056163084238,0.021828503765,0.0117612748461,0.0745202948452,0.13899924261,0.0449713692519,0.065204725676,0.0163815024511,0.069676522484,0.0297506173859,0.0215050910019,0.0213214328313,0.00864035720491,0.0519157273361,0.0535326705602,0.0536322409406,0.119649396279,0.0143393571035,0.0375508204767
132,V,0.130956483392,V,0.130956483392,0.0712896475861,0.0477547570481,0.0164309383446,0.00989650572061,0.0982409979708,0.0924572067235,0.0417357648517,0.10971096752,0.0187821647392,0.0877201819352,0.0232493510673,0.0158548564384,0.0163761014568,0.00668171435466,0.0472210904119,0.0464773399006,0.0536451540386,0.130956483392,0.0194199014629,0.0460988750377
145,G,0.275904578116,G,0.275904578116,0.05689363987,0.035428501025,0.0239343426188,0.0107013189134,0.0527026053065,0.275904578116,0.0348656844592,0.0459427909548,0.00728933056629,0.052256426907,0.0193742276155,0.0287374959581,0.0294991533621,0.00831113285691,0.0537060715516,0.0840135939348,0.0587394956861,0.0729605453073,0.0207143006159,0.0280247643746
148,G,0.181669370448,R,0.0878194180921,0.051700465688,0.0417956018772,0.0203531349127,0.00914807182891,0.0458943860418,0.181669370448,0.0429948880824,0.0525594932792,0.0264110914607,0.0534920053692,0.0214248677135,0.0314621459865,0.0325964907883,0.0106106571656,0.0878194180921,0.0854073403367,0.0650630740992,0.073415427058,0.0208525420855,0.0453295276861
153,G,0.169021709531,R,0.112935214175,0.0454355324669,0.0267618616298,0.0216347839816,0.0224871019997,0.0345046626425,0.169021709531,0.0487664929593,0.0527521745058,0.0475100107549,0.0608342785856,0.0144710070446,0.0312488991296,0.0356094911475,0.0152586610694,0.112935214175,0.0632751186643,0.0664869020964,0.0795586432896,0.0156075002032,0.0358399541226
155,G,0.166799544667,R,0.159786538329,0.0201355330707,0.00272297883657,0.0411592075309,0.0507333130616,0.00513465898164,0.166799544667,0.0182447764983,0.0110703308787,0.158495064053,0.0181588889064,0.00987189370838,0.0665677851307,0.0726426062863,0.0415693602926,0.159786538329,0.0586526631948,0.0574244939285,0.0124882340506,0.00742190835253,0.0209202202421
179,K,0.136071885267,G,0.124518091573,0.0195910268614,0.000524764743846,0.117832804193,0.110605188789,0.00169191332188,0.124518091573,0.0131374673334,0.00292732632618,0.136071885267,0.00784639819191,0.00541019905671,0.118608310332,0.062699364968,0.0707765449678,0.0908652712197,0.0702714844013,0.0365680687282,0.00374999835706,0.00105216827879,0.00525172309037
180,G,0.153509791068,G,0.153509791068,0.0680598220804,0.0211224081224,0.0602553368186,0.0384953331756,0.0414212688374,0.153509791068,0.025576171293,0.0421585585048,0.0256368084714,0.0656810435984,0.0255045004431,0.0439338711405,0.0445115909164,0.0191610460044,0.0644838814146,0.0774992168114,0.0628363815474,0.0741099538063,0.0160249632556,0.0300180526906
187,G,0.143441291686,V,0.121567646087,0.0750898884222,0.0528810896751,0.0440984394471,0.0242880928073,0.0580052931255,0.143441291686,0.032010236652,0.0515372863192,0.0116937081659,0.0832678627825,0.0293476500126,0.0272951167766,0.0287624759852,0.0104407835904,0.044496817769,0.0535024583002,0.0489793935772,0.121567646087,0.0219607953781,0.0373336734416
189,G,0.182793996378,G,0.182793996378,0.0387826204508,0.00591441889962,0.100217422045,0.0624999986091,0.0138630784685,0.182793996378,0.0166700594629,0.0177722014811,0.0483071984024,0.0321812422467,0.0212043799617,0.072178180264,0.0760957307045,0.0321625402263,0.0770052135802,0.0847883413467,0.0664455919372,0.0234938556868,0.00807263094773,0.0195512989011
194,G,0.224435202717,S,0.0837110227431,0.0665306254298,0.0512043578176,0.0493764963664,0.0225490365547,0.0433740487878,0.224435202717,0.0358954170586,0.0300753400814,0.00936238887569,0.0475291837945,0.0253060682371,0.0317571150773,0.0269045930888,0.0122423434864,0.0530873559175,0.0837110227431,0.0560408058972,0.0762841349697,0.0191785784906,0.0351558846085
198,G,0.252569455767,G,0.252569455767,0.0689973301535,0.0409654452567,0.0497718390476,0.0222903119872,0.0542960501618,0.252569455767,0.0302044027595,0.0326374595625,0.010567555868,0.0528691864486,0.0294893468577,0.0273277305586,0.0329802322409,0.00994063701737,0.0456301611359,0.0749428574549,0.0457592490971,0.0784027717848,0.0161937283405,0.0241642484998
201,G,0.208093420047,D,0.143618770355,0.017141451511,0.00186242463055,0.143618770355,0.0774787888119,0.00389465515542,0.208093420047,0.0155789775143,0.00561463152167,0.0596757006677,0.0123298077183,0.00797483083662,0.0906103719365,0.0712737687594,0.0442023719535,0.0774042349105,0.0953524700165,0.0473680596846,0.00844752380777,0.00406615102033,0.00801158914178
207,G,0.142131964595,G,0.142131964595,0.00732385241476,0.000195740785496,0.112902238442,0.114566991913,0.000683233884314,0.142131964595,0.00755489687629,0.00141618650683,0.131396277108,0.00415680604579,0.00333623675585,0.133855015109,0.0862585378746,0.0917403374844,0.067183730848,0.061987715416,0.0282551103944,0.00190210342825,0.000787334164825,0.00236568995257
209,G,0.166892632479,G,0.166892632479,0.035492764147,0.0128681979504,0.0739324758822,0.0404859644419,0.0351394788741,0.166892632479,0.0332890139023,0.0434788292738,0.0345278052217,0.0535875087615,0.0229934921775,0.0582044462494,0.0666803189089,0.0221555183853,0.0659749505787,0.0782828507105,0.0662793202381,0.0485840033976,0.0128356246801,0.0283148037402
215,G,0.192525093456,V,0.0988773118416,0.0515523241027,0.04510897242,0.061269701276,0.0303650000245,0.0750242022421,0.192525093456,0.0314920236531,0.0513620753007,0.00677423044313,0.0800682813895,0.0329327774296,0.0240723288829,0.0322109712874,0.00786074012574,0.0251777390408,0.0678911113541,0.0410581271984,0.0988773118416,0.020501690169,0.0238752983633
221,V,0.137013336521,V,0.137013336521,0.0801504784312,0.020600827594,0.0532046285161,0.0602577264415,0.0643442633959,0.117760275404,0.0175031562988,0.0996874342126,0.0162426338957,0.0756753215654,0.0340693263336,0.0234543196554,0.0207142740021,0.0114025771839,0.030550684531,0.0416240488389,0.0477115057674,0.137013336521,0.0193063648679,0.0287268165435
225,G,0.16101776562,E,0.128460065095,0.0208508567037,0.00141605335893,0.120606010384,0.128460065095,0.00502216912595,0.16101776562,0.0177422888272,0.0102702661824,0.0632658671191,0.0157842453209,0.0075345572827,0.0834129527388,0.0810877297241,0.0552852946782,0.067463588859,0.0874634655674,0.0505356106051,0.00875405938042,0.00298960048913,0.0110375529378
228,G,0.146663673863,E,0.146226688296,0.0260764356112,0.00248185867492,0.0970931212966,0.146226688296,0.00683634295496,0.146663673863,0.0118084199686,0.0119925705637,0.062777408188,0.025079213928,0.0125509581268,0.0578925988652,0.0963607407525,0.0547990534555,0.0825697816057,0.0676272542173,0.0474541242818,0.0187775742815,0.00959967708652,0.0153325039818
229,E,0.195894495111,E,0.195894495111,0.0264508330278,0.00204250596347,0.110401768346,0.195894495111,0.00629853858943,0.122339173422,0.00998801471533,0.0131130362715,0.0745438807087,0.0239635651393,0.0111920951479,0.0726618354282,0.0654978597252,0.050245038309,0.0742369213307,0.0580523396942,0.0422561346235,0.0192196628726,0.00807911778863,0.0135231837852
240,G,0.245323162456,G,0.245323162456,0.0559315180676,0.0420267185707,0.0431973279864,0.023328907551,0.0406835077945,0.245323162456,0.0282402029531,0.0354366862185,0.0110103633973,0.0353696246061,0.0303815778489,0.0407670819074,0.0451460904369,0.0101321005034,0.0382121958501,0.0926142082183,0.0537283974007,0.0798354803852,0.0159900551688,0.0326447926789
243,G,0.187477253479,D,0.168387621556,0.0121473910057,0.000475802441128,0.168387621556,0.0923545085423,0.00101872803331,0.187477253479,0.0113764435351,0.00166150271101,0.0824860816583,0.00347592597774,0.00535194653722,0.109291579114,0.0756236806005,0.0477230864339,0.0659444858073,0.0874040060084,0.0394965102869,0.00282266604612,0.00149128501685,0.00398949521016
246,G,0.180219870709,G,0.180219870709,0.0402096351719,0.00950734309579,0.0759746468343,0.103207501181,0.0144935991198,0.180219870709,0.0235032771448,0.0261032876454,0.0632096425199,0.0355052830474,0.0195979342078,0.0477319640758,0.0459542086228,0.0283207013642,0.0733282618753,0.0705642759246,0.0675703409999,0.0383933478503,0.0117160394183,0.0248888391919
248,G,0.160672684702,E,0.089373082218,0.0328568339934,0.00877886453434,0.0786981390087,0.089373082218,0.0138027739598,0.160672684702,0.0155159635611,0.0304477742391,0.0538065862134,0.0419757937122,0.0231450459663,0.0448490125681,0.0742963741082,0.033244449517,0.0729232066022,0.0731068156799,0.0765520079191,0.035052514564,0.0153132635188,0.0255888134146
254,V,0.172259800899,V,0.172259800899,0.0464455065338,0.093172845636,0.0154485601049,0.0177721943674,0.053910002289,0.118209749355,0.017770993354,0.0977063420879,0.0077106313657,0.115145506975,0.0160475365745,0.0146431927311,0.0166351432077,0.00720681192617,0.0328706533089,0.0417722833661,0.0421313652181,0.172259800899,0.0249162595234,0.0482246211762
258,V,0.241265419872,L,0.131882173381,0.0504945626392,0.0396178412223,0.0137199561301,0.0244867145799,0.0609120553999,0.0775189175664,0.00993336911778,0.110005858041,0.00920828099522,0.131882173381,0.0285772999066,0.00940170805525,0.0189562058487,0.00780566447247,0.0293680285665,0.0238233235498,0.0361030321873,0.241265419872,0.033105274417,0.0438143140514
259,G,0.142320941504,E,0.0969042797537,0.0526137583775,0.00990841962944,0.060808585894,0.0969042797537,0.024017579797,0.142320941504,0.0144946497895,0.0417350750073,0.0388303134453,0.0784301192931,0.0163909300429,0.0342383458655,0.0563715510883,0.0299968544264,0.065151756476,0.0561478707327,0.0506928231277,0.0866874203906,0.016944684753,0.0273140406056
260,V,0.200303461666,V,0.200303461666,0.0541627936197,0.01697653751,0.0244845038271,0.0515931820356,0.0501309646267,0.0797385635959,0.00946253058008,0.128554910885,0.0199264044508,0.140717506501,0.0219847004302,0.0166212479775,0.0172323527732,0.0119766438455,0.0369014116764,0.0262567820278,0.0319783754507,0.200303461666,0.0278237281193,0.0331733984009
264,V,0.217321978312,L,0.119725652205,0.0516322989483,0.0449610867446,0.0143820501376,0.0227137872086,0.0760645863616,0.104438750399,0.014281552629,0.117553572288,0.00699085254885,0.119725652205,0.0303149725181,0.00950016000475,0.0204030234317,0.00672945391025,0.0197730401521,0.0261756863107,0.0313365382648,0.217321978312,0.0279289536964,0.0377720039282
267,V,0.201105933906,V,0.201105933906,0.0603347097918,0.0262445659211,0.0170320378496,0.0229608386894,0.0698563517781,0.0845050750887,0.0193528884721,0.139000708107,0.012562677245,0.121294399206,0.0250938911384,0.0144331834466,0.0174836631677,0.00776358022015,0.0306351697559,0.0308586790684,0.038797523239,0.201105933906,0.020538932514,0.0401451913942
271,V,0.178274170168,V,0.178274170168,0.0699682922768,0.0673645478944,0.0224427304906,0.0223221645232,0.0662198099701,0.113295090392,0.0159596795896,0.0887811553808,0.0108206128168,0.0830799875834,0.0329022458001,0.0217610705716,0.0191396795794,0.00754342112352,0.034994763649,0.0346144036904,0.0416610458645,0.178274170168,0.0277197139193,0.041135414716
272,V,0.160534180099,V,0.160534180099,0.0629915663184,0.0721560568915,0.0236450532951,0.0185937029907,0.0634470807339,0.139766032029,0.0176247093776,0.0827046104443,0.00879403382785,0.0709190388819,0.0456939126008,0.024843401351,0.0175776633115,0.00755735361498,0.0284530271097,0.0395291782555,0.0438174776808,0.160534180099,0.0315823052575,0.0397696159293
279,G,0.162242682376,G,0.162242682376,0.0334897269435,0.00411354412824,0.0853157232153,0.0786981212222,0.0102966843663,0.162242682376,0.016732602852,0.024846945594,0.0825480843251,0.038228379783,0.0227832981498,0.08654033863,0.0531753486423,0.0312212267673,0.0944607205367,0.0753067688502,0.0458628532001,0.0233845576197,0.00652487926164,0.0242275135365
286,G,0.186896625158,V,0.0924793326675,0.0624491294414,0.0684726456909,0.0283055843466,0.0183577381611,0.0498472729248,0.186896625158,0.034196387046,0.0530467618403,0.0143691685095,0.0522209460453,0.022593335964,0.0324250972362,0.0475634606731,0.0103792911953,0.0629697966364,0.0607817113241,0.0507329268928,0.0924793326675,0.0174448332424,0.0344679550038
296,R,0.133840353525,K,0.118928538899,0.0191700087442,0.00114208726759,0.102554003155,0.111985331024,0.00248166601912,0.0954484651462,0.0147857185888,0.00560797862943,0.118928538899,0.0169534172418,0.00641072559778,0.0754038214423,0.11364462976,0.0483560748498,0.133840353525,0.0712632655128,0.0430582257663,0.00950492045862,0.00233107728877,0.00712969108231
300,E,0.205093542138,E,0.205093542138,0.0190267559082,0.00130602847885,0.106432821443,0.205093542138,0.00248041385958,0.0805022085179,0.0112981415719,0.00765132977289,0.120420203649,0.0240130801729,0.00837004993423,0.0611666008772,0.0834904946004,0.0554069695362,0.0864018429625,0.0586962900626,0.0432385918953,0.0146069462362,0.00331312906051,0.00708455932327
303,K,0.173809938059,K,0.173809938059,0.0186679651827,0.00106503640272,0.074867609483,0.148292464226,0.00271452405499,0.0846582652552,0.012727847977,0.00702371493809,0.173809938059,0.0282510368721,0.0118664760647,0.0720986305973,0.0484234445131,0.0671455575847,0.131427857749,0.0471791425487,0.0433353916505,0.0137335728664,0.00364197014582,0.00906955382878
304,K,0.154171593745,K,0.154171593745,0.0248827040661,0.00154790754092,0.0658851137032,0.151960931286,0.00476575129801,0.0738466677124,0.0134079232167,0.0130836701296,0.154171593745,0.0440245687055,0.0177787723548,0.0546197356357,0.0550165310916,0.0634191186669,0.12909536851,0.0455120597958,0.0449656161461,0.0225107680613,0.00472481253845,0.0147803857966
307,E,0.20328608134,E,0.20328608134,0.0235472558253,0.00124249299976,0.104048932522,0.20328608134,0.00543885830542,0.061973098435,0.0134260757265,0.0138569936893,0.142430964972,0.0399525633976,0.0121855425299,0.0704595751432,0.03671326811,0.0561844135387,0.0876139519726,0.0486337318888,0.0414833373731,0.0218392479314,0.00365089390894,0.0120327203902
308,V,0.208379854299,L,0.153599655072,0.0499618666203,0.0182683940287,0.0182658264879,0.0536954348912,0.0586404896879,0.0520332796498,0.0113968797026,0.123758802852,0.0243838202542,0.153599655072,0.0283569046183,0.0174088804865,0.0124872645414,0.0140597767691,0.0396659590542,0.0218420076603,0.0363357028938,0.208379854299,0.0195707042162,0.0378884962151
310,K,0.172111671525,K,0.172111671525,0.0241317346004,0.00173925838183,0.0715198740638,0.13427087172,0.00556929020591,0.0620842362811,0.0134831420027,0.0189897202393,0.172111671525,0.0452672856797,0.011424059427,0.0658090581978,0.053787939009,0.0467418249934,0.136639813872,0.0495089328893,0.0442507408291,0.0242942441579,0.00317542242552,0.0152008794989
316,V,0.219600143151,V,0.219600143151,0.0496168467664,0.0176525587506,0.0100718161492,0.0333104380938,0.0549968020521,0.0351064154854,0.0086649468165,0.168461912062,0.0187548357356,0.188208897767,0.0274824782224,0.0105825082589,0.0159088261919,0.0148459580034,0.0348964454341,0.0154094231363,0.0314378186996,0.219600143151,0.0156751228475,0.0293158063766
317,E,0.180637437712,E,0.180637437712,0.0345490344434,0.00378695364869,0.0821145893216,0.180637437712,0.00910346510106,0.0643045095202,0.0118316593572,0.0284438563953,0.110816804134,0.0615206629902,0.0233527988117,0.058393353359,0.0582353858895,0.0524565461856,0.0808682717287,0.034553196187,0.0428401721534,0.0415738023366,0.00585686989587,0.014760630828
318,E,0.242263461634,E,0.242263461634,0.0206030120916,0.00100568889403,0.133825509321,0.242263461634,0.00271621315201,0.04903164404,0.00926121715047,0.0104775690348,0.158483877294,0.0252063570791,0.00997181791701,0.0921267242311,0.0466084365186,0.0436883964566,0.0734254557226,0.0306430453666,0.0268336330698,0.0140171725682,0.00199127841386,0.00781949004457
321,K,0.237080174395,K,0.237080174395,0.0126592315984,0.00034423573483,0.11461776676,0.161051926185,0.000819061422041,0.0440663249088,0.00869993827109,0.00379005581577,0.237080174395,0.0133590095784,0.00446372236757,0.0949854508763,0.0662237606069,0.0556917727077,0.108824767456,0.0385569413726,0.025560783262,0.0048845976795,0.000501317021876,0.00381916197941
329,E,0.14506950074,D,0.110113472644,0.0384853472538,0.00371041116809,0.110113472644,0.14506950074,0.0090785530886,0.0747260655862,0.0189697124289,0.0221918463986,0.0828797401967,0.0405831281304,0.0135566259653,0.0647724207901,0.0824991280349,0.0472799890121,0.0758348981923,0.0602223363584,0.0543308371629,0.0390553387283,0.00371737067257,0.0129232774473
333,V,0.224859273089,V,0.224859273089,0.0505830277964,0.0431510314393,0.0146153727431,0.0247814955066,0.0544783715555,0.0606518607094,0.0168393860211,0.113514798104,0.0183169395568,0.136404556578,0.0144520300674,0.0204275081492,0.0267238847534,0.0145558271377,0.0446837989909,0.0292604597455,0.0406605713929,0.224859273089,0.0121555712115,0.038884235453
337,V,0.205384024583,L,0.137461717605,0.0548599998969,0.053063396416,0.0169207269778,0.0280579545353,0.0608064739871,0.0542991038919,0.0195018811914,0.11337440254,0.0187436699575,0.137461717605,0.0177640154819,0.014979825417,0.0269522257448,0.0103334198224,0.0440317325592,0.0287161445867,0.0428686256038,0.205384024583,0.0140951292083,0.0377855299943
345,L,0.113005986096,L,0.113005986096,0.0302208101503,0.0405126609861,0.0320620863387,0.0240569777147,0.051066590478,0.0778472708827,0.0312996258711,0.0926496353736,0.0308663841057,0.113005986096,0.014868995652,0.0342821874437,0.0481184650467,0.0171157056863,0.074952213949,0.0597960624679,0.0610665163954,0.109817042956,0.0179976208904,0.0383971615157
351,V,0.17096561656,L,0.127453456427,0.0609726569308,0.0399518291595,0.0237010158572,0.0426766478798,0.0486499735212,0.0550513503986,0.0154802418215,0.118159103312,0.022922397625,0.127453456427,0.0297357002908,0.0206552086438,0.0198389148025,0.0121311280408,0.0500468340381,0.0304154255761,0.0531086060284,0.17096561656,0.0233382368964,0.0347456561906
357,L,0.114609501443,V,0.0971532453517,0.0433001617032,0.0149717117465,0.0318451295299,0.0517690277156,0.0372053898251,0.0581399347529,0.0145244698189,0.0889500854381,0.0679631427941,0.114609501443,0.0301795146311,0.0382016810898,0.0447042909166,0.0203415895876,0.0948957611847,0.0366131809637,0.0567352397567,0.0971532453517,0.0157589421442,0.0421379996069
361,V,0.194326531609,V,0.194326531609,0.0516674743723,0.0358977766033,0.0174195627877,0.0270327256285,0.0599048042389,0.0416946515198,0.0167979713122,0.134334461995,0.0264162566594,0.148632232389,0.0209207434727,0.0212644949653,0.0134001982033,0.0116134481349,0.0558993712437,0.0231998534665,0.0489911215358,0.194326531609,0.0114257741385,0.0391605457232
364,K,0.203711073428,R,0.120457964938,0.0177734417057,0.00147351882311,0.0917276362208,0.0978785355475,0.00482461884162,0.0529475489723,0.012542296873,0.0157383372579,0.203711073428,0.029228161058,0.00854299999863,0.0918448584478,0.0784487851069,0.0408800129823,0.120457964938,0.0489470127466,0.0467054258544,0.0181681308594,0.00304049012668,0.0151191502112
